{"prev_high": 121.75, "prev_low": 118.18920135498047, "current_trend": "Consolidation", "prediction_data": [120.58350372314453, 120.48999786376953, 120.4229965209961, 120.3468017578125, 120.31009674072266, 120.30999755859375, 120.30999755859375, 